Producto,Precio
Acotol Ex 2.00 / 0.03 mg Caja Con 21 Tabletas,12640
Advil Gripa Multisíntomas Caja Con 10 Cápsulas Líquidas,12920
Belara Caja Con 21 Tabletas,20200
Bellaface 2 mg Caja Con 21 Tabletas Recubiertas,11960
"Cerazette 0,075 mg Caja Con 28 Tabletas Recubiertas",10080
Ciruelax Jalea Frasco Con 300 g,32840
Ciruelax Jalea Frasco Con 150 g,19800
Cremoquinona En Crema 4% Caja Con Tubo Con 30 g,28080
Cyclofem Suspensión Inyectable Caja Con 1 Jeringa Y Aguja Desechable,14960
Daflon 500 mg Caja Con 30 Comprimidos Recubiertos,94860
Daflon 500 mg Caja Con 60 Comprimidos Recubiertos,159360
"Crema Derma Q 2/1/0,1 % Caja Con Tubo Con 20 g",35828
Desonida 0.1 % Crema Caja Con Tubo Con 15 g,15930
Desonida Emulsión 0.5 % Caja Con Frasco Con 120 mL,46440
Emolín Neo En Emulsión Caja Con Frasco Con 240 g,97200
Enterogermina Suspensión Oral Caja Con 10 Frascos De 5 mL,55080
Femelle 20 CD 3 mg / 20 mcg Caja Con 28 Tabletas Recubiertas,19840
Humylub Ofteno Solución Oftálmica 0.18/ 0.1 % Caja Con Frasco Con 15 mL,39480
Lactibón P.H 3.5 Loción Caja Con Frasco Con 120 mL,49005
Lagrimas Artificiales Solución Oftálmica Caja Con Frasco Con 15 mL,27285
Microgynon Suave 100 / 20 mcg Caja Con 21 Grageas,4880
Minipil Suave 100 / 20 mcg Caja Con 21 Tabletas Recubiertas,4600
Neuro 15 Fósforo Nf Caja Con 20 Cápsulas,83174
Neurobión 100 / 150 mg Caja Con 30 Tabletas Recubiertas,32000
Noxpirin Caja Con 6 Cápsulas – Síntomas De La Gripa,6248
NuvaRing 11.7 / 2.7 mg Caja Con 1 Sobre Con 1 Anillo Vaginal,65360
Pedialyte 45 Sabor Fresa Frasco Con 500 mL,5610
Pedialyte 60 Con Zinc Frasco Con 500 mL Sabor Manzana - Deshidratación,5610
Pedialyte 60 Con Zinc Solución Frasco Con 500 mL - Sabor Uva,5610
Postday 1.5 mg Caja Con 1 Tableta,13320
Postday 0.75 mg Caja Con 2 Tabletas,16160
Procicar Crema Caja Con Tubo Con 60 g,29790
Procicar NF En Crema Caja Con Tubo Con 60 g,37710
Qlaira Caja Con 28 Comprimidos Recubiertos,25760
Gamabenceno Plus Champú 1 % Caja Con Frasco Con 60 mL,24040
Gianda 2 / 0.3 mg Caja Con 21 Comprimidos Recubiertos,60840
Giralmet 2000 UI Sabor A Chicle Frasco Con 100 Tabletas Masticables,61950
Glucophage 500 mg Caja Con 30 Tabletas Lacadas,56000
Glucophage 850 mg Caja Con 30 Tabletas Lacadas,68440
Glucophage XR 500 mg Caja Con 30 Tabletas De Liberación Prolongada,57480
Acerumen Higiene Del Oído Caja Con Spray Con 40 mL,50873
Balzac Sabor a Cereza Suspensión 2.5 / 2.67 g Frasco Con 360 mL,47840
Adella 2 / 0.03 mg Caja Con 21 Tabletas Recubiertas,20440
Glucophage XR 750 g Caja Con 30 Tabletas De Liberación Prolongada,94000
Sinovul 150 / 30 mcg Caja Con 21 Tabletas Recubiertas,10680
Sulfaplata Cicatrizante 1 % Frasco Con 30 g,23310
Tiroxín 50 mcg Caja Con 50 Tabletas,24480
Tiroxín 100 mcg Caja Con 50 Tabletas,35840
Umbrella SPF 50+ Gel Caja Con Tubo Con 60 g,98010
Ureaderm Crema 10 % Caja Con Tubo Con 60 g – Hidratante,70560
Ureaderm Lactato En Loción Caja Con Frasco Con 225 g,100575
Veroniq Mini 3 / 0.02 mg Caja Con 21 Tabletas Recubiertas,21680
Espasmobil Caja Con 10 Sobres Con 4 Grageas,48825
Eutirox 25 mcg Caja Con 50 Tabletas,33720
Crema Deltal Colgate Tripe Acción Caja Con Tubo Con 100 mL Sabor Menta,8458
Depotrim Suspensión Inyectable 150 mg Caja Con 1 Ampolla De 3 mL,14480
"Desonida Loción 0,1 % Caja Con Frasco Con 30 mL",31455
Provera 5 mg Caja Con 30 Tabletas,8680
Multiflora Plus Caja Con 30 Cápsulas,102880
Multiflora Plus Caja Con 10 Cápsulas,55480
Multiflora Suspensión Oral Caja Con 14 Sachets De 1g,79520
Multiflora Polvo Caja Con 6 Sachets De 1 g - Suspensión Oral,45840
Sulfaplata Crema 1 % Frasco Con 60 g,36225
Necroxil 500 mg Caja Con 10 Tabletas,55002
Norvetal Caja x 21 Tabletas Recubiertas – Anticonceptivo,4680
Noxpirin Sinus Caja Con 12 Tabletas Recubiertas,10530
Oticaina Solución Ótica Empaque Con Frasco Con 10 mL,17010
Activa 21 0.15 / 0.03 mg Caja Con 21 Grageas,5200
Adella Mini 2 / 0.02 mg Caja Con 28 Tabletas,20400
Adorem Jarabe 150 mg / 5 mL Caja Con Frasco Con 120 mL,9170
"Alcohol Polivinílico 1,4 % Solución Oftálmica Caja Con Frasco Con 15 mL",15300
Lady Speed Stick Double Defense Frasco Con 20 g,4888
Speed Stick Cool Night 24/7 Barra Frasco Con 20 g - Desodorante,4888
Api-Folt Solución Caja Con 5 Frascos Con 12 mL,24360
Bellaface Suave 2 mg / 20 mcg Caja Con 28 Tabletas Recubiertas,11880
Biotin Healthy 900 mcg Frasco Con 100 Tabletas,32445
Cepillo Dental 0-2 Años Colgate Empaque Con 1 Unidad,21930
Crema Cicaderm NF Caja Con Tubo Con 60 g,37360
Ciruelax Jalea Laxante Frasco Con 600 g,55080
Colgate Smiles Gel Dental Tubo Con 75 mL – Sabor Bubble Fruits,10923
Colgate Plax Ice Frasco Con 60 mL Enjuague Bucal,2848
Crema Dental Colgate Sensitive Blanqueador Caja Con Tubo Con 100 g,28390
Crema Dental Fito Kids Tubo Con 75 g Sabor A Menta,17640
Crema Líquida Johnson Baby Original Con 400 mL,19210
CureBand Venditas Standard Caja Con 30 Unidades,3465
Defense Caja Con 60 Cápsulas Vegetarianas,55800
Desodorante Speed Stick Cool Night Barra Con 50 g,19423
Desonida 0.05 % Crema Caja Con Tubo Con 15 g,15930
Condones Durex Extra Seguro Caja Con 3 Unidades,7863
Condones Durex Máximo Placer Caja Con 3 Unidades,10243
Condones Durex Placer Prolongado Caja Con 3 Unidades,10243
Condones Durex Invisible Caja Con 3 Unidades,12580
Energyton Plus Caja Con Frasco Con 100 Capsulas,65880
Colgate PerioGard Solución Bucal Caja Con Frasco Con 250 mL,27455
Enjuague Bucal Listerine Cool Mint Frasco Con 500 mL,14110
Listerine Solución Enjuague Bucal Frasco Con 500 mL,18998
Eutirox 112 mcg Caja Con 50 Tabletas,52640
Eutirox 137 mcg Caja Con 50 Tabletas,66480
Eutirox 175 mcg Caja Con 50 Tabletas,76600
Eutirox 200 mcg Caja Con 50 Tabletas,85160
Eutirox 88 mcg Caja 50 Tabletas,44200
Evely Caja Con 28 Tabletas,26120
"Evinet 0,75 mg Caja Con 2 Tabletas Recubiertas",12400
Facetix Mini 2 mg / 20 mcg Caja Con 28 Tabletas Recubiertas,8000
Facetix Suave 2 mg / 30 mcg Caja Con 28 Tabletas Recubiertas,8440
"Facetix 2,0 / 0,035 mg Caja Con 21 Tabletas Recubiertas",8040
Femelle 3 / 0.03 mg Caja Con 21 Tabletas Recubiertas,21200
Figeztomil Solución Oral Caja Con Frasco Con 240 mL,33400
Crema Dental Fitokids Para Niños Con Tubo Con 75 g,17820
Floratil 250 mg Caja Con 10 Cápsulas,56185
Frex Clean Solución Espumosa Caja Con Frasco 80 mL Con 100 Pañuelos,81960
Frex Clean T Caja Con Frasco Con 80 mL Y 100 Gasas,86200
Gamabenceno Plus Crema 5 % Caja Con Tubo Con 60 g,46035
"Gentamicina 0,3% Caja Con Frasco Con 10 mL",11390
Ginkgo Biloba 60 mg Frasco Con 60 Cápsulas Blandas,34155
Glucophage 1000 mg Caja Con 30 Tabletas Recubiertas,69360
Glucophage XR 1000 mg Caja Con 30 Tabletas De Liberación,96240
Hidraplus 75 Suero Oral Sabor A Uva Frasco Con 400 mL,7425
Hilo Dental Colgate Caja Con 50 Metros,13303
Colgate Hilo Dental Con Flúor & Menta Empaque Con 1 Unidad De 25 m,12835
Hyalix Emugel Caja Con Tubo Con 60 g,99990
Hydrolyzed Collagen Frasco Con 100 Cápsulas,54000
Isbela 2 / 0.035 mg Caja Con 21 Tabletas Recubiertas,8200
"Kilox 0,6 % Solución Oral Caja Con Frasco Con 5 mL",29430
Krytantek Ofteno Solución Frasco Gotero Con 5 mL,85475
Lactibón Fem Loción Caja Con Frasco Con 240 mL,43695
Lactibón syndet Caja Con Barra Con 120 g,47880
Lass Adulto Supositorios Caja Con 50 Unidades,59220
Libelle 0.75 mg Caja Con 2 Tabletas Recubiertas,15360
Mercilom 0.15 / 0.02 mg Caja Con 21 Tabletas,7040
Microfemin Caja Con 21 Grageas,13000
Microgynon 30 Caja Con 21 Grageas,5000
Microgynon 30 CD Caja Con 28 Grageas,5120
Moxar 5 mg Caja Con 30 Tabletas Recubiertas,110500
Neo Fungina Talco Frasco Con 100 g,20025
Neo Fungina Talco Frasco Con 40 g,9765
Nofertyl Solución Inyectable 50 / 5 mg Caja Con 1 Ampolla de 1 mL,7280
Nordette Caja x 21 Grageas – Pfizer,17040
Noxpirin-F Junior Jarabe Caja Con Frasco Con 60 mL - Sabor A Fresa,9040
Noxpirin Plus Alivio 12 Horas Caja Con 12 Cápsulas,9480
Nuevid 7000 UI Caja Con 4 Tabletas Recubiertas,25125
Nuevi D 7000 UI Caja Con 12 Tabletas Recubiertas,66113
Oftalmotrisol Frasco Gotero Con 15 mL Solución Oftálmica,15563
Orlistat 120 mg Colmed Caja Con 30 Cápsulas Blandas,92395
Prazed 20 mg Caja x 30 Cápsulas - Novamed,10613
Progress Gold Etapa 3 Tarro Con 900 g,61725
Provera 10 mg Caja Con 28 Tabletas,15720
Quanox Gotas 0.6 % Caja Con Frasco Con 5 mL,18330
RED KRILL 1.000 mg Caja Con 30 Cápsulas Blandas,57375
Rejuvicare Solución Oral 1600 / 52 / 520 mg Frasco Con 473 mL,78120
S-26 Mamá Vainila Tarro Con 400 g,45038
Siligás Caja Con Frasco x 30 mL Sabor A Cereza,22962
Sol-Or En Emulsion Caja Con Spray Con 120 g Protector Solar,89880
Stamyl Caja Con 20 Grageas,47440
Soyl Syndet Sustituto Del Jabón Caja Con Frasco Con 500 g,52380
Synovular Suave Solución Inyectable 90 / 6 mg Caja Con 1 Ampolla De 1 mL,19520
Tiocolfen 400 mg Caja Con 15 Cápsulas Duras,64388
Tiroxín 88 mcg Caja Con 50 Tabletas,40840
Toptear P Solución Oftálmica 0.2 % Caja Con Frasco Con 10 mL,42920
Toptear Solución Oftálmica Caja Con Frasco Con 10 mL,40400
Umbrella spf 50 Crema Caja Con Tubo Con 60 g,101970
Protector Solar Umbrella Kids Emulsión SPF 50 Tubo Con 120 g,119385
Umbrella Plus SPF 50 En Emulsión Caja Con Spray 120 g,123480
Umquan Solución Gotas Caja Con Frasco Con 20 mL,39160
Ureaderm En Crema 15 % Caja Con Tubo Con 60 g,52785
Veroniq 3 / 0.03 mg Caja Con 21 Tabletas Recubiertas,22000
Vita C Sabor A Naranja 500 g Caja Con 100 Tabletas Masticables,41130
Vitamina C 500 mg Caja Con 10 Tiras De 10 Tabletas Masticables - Chicle,37720
Vitamina C 500 mg Sabor A Mandarina Con 10 Tiras De 10 Tabletas Masticables,39520
Vitamina C Sabor Naranja Caja Con 10 Tiras De 10 Tabletas,39720
Vitamina C 500 mg Caja Con 100 Tabletas Masticables,37720
Yael 2 / 0.03 mg Caja Con 21 Tabletas Recubiertas,10280
Yax 3 / 0.03 mg Caja Con 21 Tabletas Recubiertas,20320
Yaxibelle 3 / 0.02 mg Caja Con 28 Tabletas Recubiertas,20280
Desonida C Caja Con Tubo x 15 g Crema,24480
Pañales Pequeñín Extraconfort Plus Paca Con 30 Unidades - Etapa 3,22610
Pañales Pequeñín Extraconfort Plus Paca Con 30 Unidades - Etapa 4,31815
Quanox 0.1% Loción Tópica Frasco Con 60 mL,23070
Noxpirin-F Jarabe Pediátrico Caja Con Frasco Con 120 mL - Fresa,12160
Colgate Crema Dental Triple Acción Caja Con Tubo Con 22 mL,2083
Colgate Crema Dental Luminous White Caja Con Tubo Con 125 mL,23800
Umquan Sol 800 Mg Caja Con Frasco Con 50 mL,59760
"Crema Derma Q 2/1/ 0,1% Caja Con Tubo Con 40 g",45730
AFTAKIDS En Gel Caja Con Tubo Con 15 g,21600
Umbrella Max Emulsión SPF 100 Caja Con Tubo De 100 g,123075
Umbrella Max Emulsión SPF 100 Caja Con Tubo De 60 g,77040
Protector Solar Umbrella Kids Max Caja Con Tubo Con 60 g,73800
Belarina 2.00 / 0.02 mg Caja Con 28 Comprimidos Recubiertos,20320
Bion 3 Multivitamínico Caja Con 60 Tabletas Recubiertas,46280
Laxante Ciruelax Forte 125 Mg Caja Con 24 Comprimidos Recubiertos,20520
"Oftaflox 0,1-0,35% Frasco Con 5 mL",23760
"Oftaflox 0,1-0,35%-1000 Caja Con Frasco Con 5 mL",24520
Colgate Seda Dental Encerado Empaque Con 1 Unidad De 25 m,12835
Broncochem F Adultos Jarabe Caja Con Frasco Con 120 mL,22360
Broncochem F Niños Jarabe Pediatrico Frasco Con 120 mL,18680
Vick VapoRub Ungüento Caja Con Frasco Con 50 g,12760
Desonida Siegfried 0.05% Caja Con Tubo Con 15g,11480
"Desonida Siegfried 0,1 % Caja Con Tubo Con 15g",10745
Giralmet 2000 UI Frasco Con 30 Tabletas Masticables,24325
Giralmet 1000 UI Sabor A Chicle Frasco Con 30 Tabletas Masticables,19915
Ciruelax Forte 125 mg Caja Con 60 Comprimidos,39960
Ciruelax Forte Jalea Frasco Con 300 g,41640
Condones Durex Clímax Mutuo Caja Con 3 Unidades,12580
Laxante Ciruelax 75 mg Caja Con 20 Comprimidos Recubiertos,12000
Laxante Ciruelax 75 mg Minitabs Caja Con 60 Comprimidos Recubiertos,28880
Capell Caja Con 60 Cápsulas,45540
Melatonina 3 mg Frasco Con 120 Cápsulas Blandas,36855
Giralmet 1000 UI Sabor Chicle Frasco Con 100 Tabletas Masticables,57925
Blephagel Duo En Gel Caja Con Tubo Con 40 g + 100 Pads,62093
Segufem 2 / 2 mg Caja Con 28 Tabletas Recubiertas,75080
Treda En Polvo 3 g Caja Con 6 Sobres,34425
Veroniq Mini 3 / 0.2 mg Caja Con 28 Tabletas Recubiertas,21840
Colgate Extra Clean Cepillo Dental Empaque Con 1 Unidad,5015
Colgate Premier Clean Cepillo Dental Empaque Con 1 Unidad,2848
Pedialyte 30 Sabor Manzana Frasco Con 500 mL,5610
Pedialyte 30 Sabor Coco Con Zinc Frasco Con 500 mL,5610
Pedialyte 30 Sabor Cereza Con Zinc Frasco Con 500 mL,5610
"Garcinia Mangostana L. 2,000 mg Caja Con 60 Cápsulas Blandas",46260
Dolorsin Fem Pague 3 Lleve 4 Caja Con 4 Cápsulas,5080
Omega 3 1200 mg Frasco Con 60 Cápsulas De Gelatina Blanda,28350
Umbrella Intelligent SPF 100 Caja Con Tubo Con 50 g,108270
Wellflex 750 / 600 / 250 mg Frasco Con 60 Tabletas Recubiertas,48510
Cremoquinona Día Caja Con Tubo Con 30 g,37485
Tiroxin 25 mcg Caja Con 50 Tabletas,25160
Femelle 20 3/0.02 mg Caja Con 21 Tabletas Recubiertas,21520
X-Ray Dol Caja Con 12 Tabletas,13760
Pedialyte 30 Sabor Durazno Frasco Con 500 mL,5610
Vitamin E 1000 IU Frasco Con 50 Cápsulas Blandas,47250
Edapil M 5 % Caja Con Frasco Con 100 g,67165
Aquatop Crema Caja Con Tubo Con 250 g,83215
Hidrolágeno Colágeno Hidrolizado con 30 sobres,66720
Protector Solar Solor Repair Gel SPF 50 Frasco Con 100 g,60080
Sol Or Gel Protector Solar SPF 40 Caja Con Frasco Con 60 g - Piel Mixta,53000
Lidclean Espuma Limpiadora Caja Con Frasco Con 50 mL,70440
Gel Dental Happy Dent Caja Con Tubo Con 15 g,18225
"Sibilla 2 / 0,03 mg Caja Con 21 Comprimidos Recubiertos Con Película",13080
Jolian 3 mg / 0.02 mg Caja Con 28 Comprimidos,21400
Lasonil Active 0.3 /1/ 5 % Caja Con Tubo Con 30 g,41013
Krytantek PF Ofteno 2 / 0.5 / 0.2 % Caja Con Frasco Gotero Con 5 mL,86500
Desabela 75 mcg Caja Con 28 Comprimidos Recubiertos,11240
"Drospera 3/0,03 mg Caja Con 28 Comprimidos Recubiertos",26160
"Donabella 2/0,035 mg Caja Con 21 Comprimidos Recubiertos",8920
"Ladee 2/0,03 mg Caja Con 21 Comprimidos Recubiertos",23120
"Drospera 3/0,02 mg Caja Con 28 Comprimidos Recubiertos",23560
"Dienille 2/0,03 mg Caja Con 21 Comprimidos Recubiertos",13720
Velbienne 2/1 mg Caja Con 28 Comprimidos Recubiertos,73640
Drenabyl Jarabe Caja Con Frasco Con 120 mL,27498
Umquan Caja Con 15 Comprimidos Recubiertos,47120
Edapil Champú Caja Con Frasco Con 120 mL,42910
Edapil Espuma Loción Caja Con Frasco Con 150 mL,78470
Similac 3 Kid Prosensitive Tarro Con 850 g,61328
Similac 3 Kid Prosensitive Caja Con 4 Bolsas Con 350 g C/U,85553
Isticol 5 mg /10 mL Frasco Con 120 mL,4185
Dulcolax Bisacolido Caja Con 20 Grageas,18960
Acecnou 3 Caja Con 1 Sobre Granulado,37238
Talysto 20 mg Caja Con 1 Tableta Masticable,17255
Talysto 20 mg Caja Con 2 Tabletas Masticables,33193
Mega Cranberry Frasco Con 60 Cápsulas Blandas,51750
Dexlansoprazol 30 mg Caja Con 30 Cápsulas Con Microgránulos Gastrorresistentes De Liberación Dual,147880
Rosina 3 / 0.03 mg Caja Con 21 Comprimidos,22000
Cetopic Crema Caja Con Frasco Con 50 g,108560
Umbrella Base Compacta Caja Con Estuche Con 11 g - Color Beige,50025
Umbrella Base Compacta Caja Con Estuche Con 11 g – Color Miel,49900
Umbrella Base Compacta Caja Con Estuche Con 11 g – Color Durazno,50050
Dexlansoprazol 60 mg Caja Con 30 Cápsulas Con Microgránulos Gastrorresistentes De Liberación Dual,175040
Cepillo Dental Colgate 360 Empaque Con 2 Unidades,30175
Espidifen 400 mg Caja Con 96 Tabletas,10440
Tejania 0.075 mg Caja Con 28 Comprimidos,11120
Cyclofémina 25/5 mg Caja Con Ampolleta Con 0.5 mL – Incluye Jeringa Desechable,16740
BioSil Caja Con Frasco Con 60 Cápsulas,114240
Jabón Palmolive Yoghurt Y Frutas Empaque Con 1 Barra,3358
Naproflash 250 mg Caja Con 4 Cápsulas,6570
Protector Solar Umbrella Urban SPF 50 Tubo Con 50 g,105120
Protector Solar Umbrella Perfec Skin SPF 50 + UVA Tono Claro Caja Con Tubo Con 50 g,102960
Protector Solar Umbrella Perfec Skin SPF 50 + UVA Tono Oscuro Caja Con Tubo Con 50 g,107055
Protector Solar Umbrella Intelligent SPF 50 Caja Con Tubo 50 g,105750
Protector Solar Umbrella Piel Sensible SPF 50 Caja Con Tubo Con 60 g,104805
Flebodia 600 mg Caja Con 30 Comprimidos Recubiertos,190680
Aceite de Coco Extra Virgen Orgánico 3000Mg Frasco Con 90 Cápsulas,55800
Suppress Caja Con 30 Cápsulas Blandas,51030
Sylbin Caja Con 60 Cápsulas De Gelatina,62370
Condones Uniq Free Empaque Con 3 Unidades + 3 Lubricantes,7880
Condones Uniq Pull Empaque Con 3 Unidades + 3 Lubricantes,7840
Luteina Frasco Con 30 Cápsulas,26480
"Omega 3,6,9 Frasco Con 30 Cápsulas",21040
Clotrimazol 2 % Crema Vaginal Tubo Con 20 g Y 3 Aplicadores,27900
Noxpirín Noche Sabor Panela Limón Sobre Con 10 gr,9960
Noxpirin Jugo Día Empaque Con 15 g,9920
Similac 3 Kid Prosensitive Caja Con 5 Bolsas Con 350 g C/U,98303
Enzymax Caja Con 60 Cápsulas,49320
Collagen & Biotin Complex Frasco Con 60 Cápsulas De Gelatina,45855
Enterophylus Caja Con 30 Cápsulas,40680
Neo Veins Caja Con 30 Cápsulas Blandas,46215
Esomeprazol 40 mg Caja Con 30 Tabletas Cubiertas,76545
Orlistat 120 mg Caja Con 60 Cápsulas Blandas,106590
Postinor-2 0.75 mg Caja Con 2 Comprimidos,15240
Esomeprazol 20 mg Caja Con 30 Tabletas Con Cubierta Entérica,65520
Shampoo Johnson Baby Original X 200 mL,10923
Vitalwell 250 mg Caja Con 30 Cápsulas,51660
Protector Solar Umbrella 50 Max Resistencia Caja Con Tubo Con 60 g,89055
Umbrella Gel SPF 50+ Caja Con Tubo Con 60 g + Obsequio,88650
EUreaderm Lactato Caja Con Frasco Con 225 g + Obsequio,86085
Solución Bucal Microdacyn Solución Frasco Con 120 mL,36240
Microdacyn 60 Solución Frasco Con 120 mL,35520
Segufem Mini 2 / 1 mg Caja Con 28 Tabletas Recubiertas,77960
Perspirex Comfort Antitranspirante Frasco Con 20 mL,47000
Antitranspirante Perspirex Strong Caja Con Frasco 20 mL,47880
Enjuague Bucal Colgate Plax Kids Frasco Con 250 mL,12963
Bellanew 1.5 / 2.0 mg Caja Con 28 Tabletas,30400
Condones Durex Extra Seguro Caja Con 6 Unidades,14110
Crema Dental Colgate Sensitive Pro Alivio Caja Con Tubo Con 110 g,32173
Colgate Sensitive Pro-Alivio Real White Caja Con Tubo Con 110 g,28815
Colgate Sensitive Protección Completa Caja Con Tubo Con 110 g,32683
Condones Durex Real Feel Caja Con 3 Unidades,12495
Cepillos Colgate Sensitive Pro 360 Empaque Con 2 Unidades,30133
Crema Dental Colgate Luminous White Instant Tubo Con 75 mL,20273
Gel Dental Colgate My First Sin Flúor Caja Con Tubo Con 50 g – Fruta Suave,17043
Colgate Sensitive Original Caja Con Tubo Con 50 g,24565
Pedialyte Max 60 Meq Con Zinc Frasco Con 500 mL - Coco,5610
Pedialyte Max 60 Meq Con Zinc Frasco Con 500 mL - Fresa,5610
Entresto 100 mg Caja Con 60 Comprimidos Recubiertos,267560
Entresto 200 mg Caja Con 60 Comprimidos Recubiertos,268040
Eutirox 100 mcg Caja Con 50 Tabletas,47880
Eutirox 75 mcg Caja Con 50 Tabletas,41760
Eutirox 150 mcg Caja Con 50 Tabletas,72680
Emulsión Cetopic Vitamina C Frasco Con 30 mL,160290
Protector Solar Umbrella Kids Mini Tubo con 15 g,17415
Eutirox 50 mcg Caja Con 50 Tabletas,36240
Crema Lubriderm® Reparación Intensiva Frasco Con 400 mL,28433
Eutirox 125 mcg Oral Caja Con 50 Tabletas,62840
Oceira 0.15 / 0.03 mg Oral Caja Con 21 Tabletas Recubiertas,4440
Vicitra 500 Mg Caja Con 30 Cápsulas,25380
Onive 1 1.5 mg Caja Con 1 Tableta,9280
Crema Lubriderm® Extra Humectante Frasco Con 400 mL,23928
Loción Escolar Capilar Árbol De Té Anian Hair Care Frasco Con 250 mL,8760
Champú Escolar Anian Hair Care Con Aceite Árbol De Té Frasco Con 400 mL,8220
Brace De Muñeca Advance Negro Caja Con 1 Unidad,33705
Tobillera Advance Negro Caja Con 1 Unidad,36450
Cabestrillo Advance Negro Caja Con 1 Unidad,21240
Compresa Multiusos Advance 8 x 8 cm Caja Con 1 Unidad,21960
Compresa Ortopédica Multiusos Con Funda Advance Caja Con 1 Unidad,29250
Compresa Ortopédica De Cuello Advance Caja Con 1 Unidad,39870
Compresa Espalda Abdomen Advance Caja Con 1 Unidad,32085
Cepillo Dental Colgate 360 Con 2 Unidades + Crema Dental Total 12 Tubo Con 75 mL,26605
Crema Dental Colgate Triple Acción Tubo Con 150 mL,11433
Tiroxín 62 mcg Caja Con 50 Tabletas,27760
Corrector De Postura Advance Negro Caja Con 1 Unidad,43965
Pañales Pequeñín Extra Protección Etapa 4/XG Con 50 Unidades,46165
,17145
Muñequera Negra Advance Caja Con 1 Unidad,22455
Cabestrillo Pediátrico Advance Caja Con 1 Unidad,21240
Evinet 1.5 mcg Caja Con 1 Tableta,12160
Rodillera Negra Advance Caja Con 1 Unidad,43065
Oticaina Forte Solución Ótica Caja Con Frasco Con 8 mL,17595
Pañal Pequeñín Extra Protección Etapa 2 Paquete Con 50 Unidades,32165
Pañales Pequeñín Extra Protección Etapa 3 Grande Con 50 Unidades,38990
Nutren Senior Líquido Sabor Chocolate Frasco Con 200 mL,5363
Nutren Senior Sin Sabor Tarro Con 740 g,82200
Nutren Senior Líquido Sabor Mix De Frutas Frasco Con 200 mL,6525
Nutren Senior Sabor Vainilla Tarro Con 370 g,42188
Vitamina C 1000 Mg Con Zinc En Frasco Con 100 Tabletas,34110
Onive 2 0.75 mg Caja Con 2 Tabletas,9520
Gynets 4 mg En Caja Por 28 Tabletas Recubiertas,30920
Jex 1/ 2 mg Caja Con 28 Tabletas Recubiertas,31080
"Postinor 1 1,5 mg Caja Con 1 Comprimido",14960
Aquatop Limpiador Líquido Frasco Con 400 mL,51425
Bioflor Polvo Para Solución Oral Caja Con 10 Sobres,61320
Slinda 4 mg Caja Con 28 Tabletas Recubiertas,30800
Microgynon Face 2 mg Caja Con 21 Tabletas,21640
Femelin 25 / 5 mg Inyectable Caja Con 1 Ampolla,18560
Moringa Mezclada Natural´s Pharmalight Frasco Con 30 Cápsulas,16880
Moringa Complex Frasco Con 60 Cápsulas,48645
Jaydess Caja Con 1 Endoceptor Y 1 Endoceptivo,355760
Mirena 20 mg / 24 h Caja Con 1 Endoceptivo Estéril Y 1 Endoceptor Estéril,328200
Enjuague Bucal Colgate Orthogard Frasco Con 250 mL,17893
Condón Femenino UNIQ Air Caja Con 1 Unidad,10400
Protector Solar Umbrella Sport Active Frasco Con 170 g,90488
Super Magnesium 400 mg Frasco Con 100 Cápsulas Blandas,49680
Vitamin D3 2000 UI Plus Caja Con 100 Cápsulas Blandas,31545
Cal-Mag-Zinc Plus VD3 Frasco Con 90 Cápsulas Blandas,41130
Protector Solar Umbrella Sport Active Frasco Con 50 g,72300
Sensodyne Sensibilidad Y Encías Tubo Con 100 g,21440
Colgate Luminous White Carbón Activado Tubo Con 75 mL,14663
Yasminiq 3/ 0.02 mg Caja Con 28 Grageas,22200
Condones Durex Clásico Caja Con 3 Unidades,6758
Desinfectante Lysol Lima Limón Frasco Aerosol Con 354 g,9180
Desinfectante Lysol Crisp Linen Aerosol Con 354 g,9180
Desinfectante Lysol Aerosol Brisa De La Mañana Frasco Con 360 mL,9180
Saw Palmetto 320 mg Frasco Con 60 Cápsulas,52740
Climaterix Natural Support Caja Con 60 Cápsulas,58815
Vitamina C + Zinc 500/15 mg Sabor Mandarina Caja Con 144 Tabletas,72880
Solor Repair SPF 40 Y Multiband UPF 50+ Con 1 Unidad,62400
Termómetro Digital Básico Verde Menta Caja Con 1 Unidad,14895
Termómetro Digital Básico Infantil Elefante Caja Con 1 Unidad,17415
Termómetro Digital Infantil Conejo NTI Caja Con 1 Unidad,17415
Protector Solar Umbrella Tubo Con 225 g,134505
Pedialite 45 Active Sabor Guaraná Frasco Con 500 mL,5610
Stania 11/3.474 mg Anillo Vaginal Caja Con 1 Unidad,61040
Antiperspirante Perspirex Original Manos Y Pies Frasco Con 100 mL,55920
Desodorante Perspirex Comfort Roll-On Frasco Con 20 mL,47000
Femiane 75/20 mcg Caja Con 21 Grageas,43400
Bénet Alimento En Polvo Sin Azúcar Vainilla Empaque Con 400 g,30983
Benet Calcio + Vitamina D3 Frasco Con 30 Cápsulas Blandas,18063
Benet Omega 3/6/9 Frasco Con 60 Cápsulas Blandas,20698
Benet Colageno/Biotina/ Vitamina E Frasco Con 60 gomas,20953
Crema Protectora Acid Mantle Baby Tubo Con 100 g,31720
Acondicionador Bifásico Anian Hair Care Frasco Con 400 mL,24990
Enjuague Bucal Plax Soft Mint Frasco Con 500 mL,16703
Yasmin 3/0.03 mg Caja Con 21 Comprimidos Recubiertos,21680
Champú Hidra Hialurónico Elvive Frasco Con 370 mL,18120
Prodefen's Fibra Prebiótica Tarro Con 400 g,30558
Inmufort Kids Sabor Naranja Frasco Con 30 Tabletas Masticables,32045
Inmufort Suplemento Caja Con Frasco Con 30 Tabletas Masticables,31875
Exelring Anillo Vaginal Caja Con 1 Unidad,64360
Acemuk 600 mg Caja Con Tubo Con 10 Tabletas Efervescentes,16555
Crema Procicar Regenerix Caja Con Tubo Con 32 g,56480
Pañales Pequeñín Extraprotección Etapa 1 Empaque Con 30 Unidades,16695
Brainy Perlas Frasco Con 30 Cápsulas,61605
Vitamina C 1000 mg Frasco Con 100 Cápsulas,51705
Tapabocas KN95 Protekta Caja Con 5 Unidades,11920
"Afrin 0,05% Descongestionante Nasal Frasco Con 15 mL",19508
Desodorante Lady Clinical Complete Caja Con 18 Sobres,15173
Muxol Flem Niños Jarabe Caja Con Frasco Con 120 mL,33390
Desodorante Speed Stick Cool Night Gel Caja Con 18 Sachets,14262
Bebida Bénet Active Frutos Rojos Sin Azúcar Frasco Con 330 mL,5950
Bebida Bénet Active Vainilla Banano Sin Azúcar Frasco Con 330 mL,5950
GOMAS DE GELATINA BENET,22950
Escilom 10 mg Caja Con 28 Tabletas Recubiertas,138775
Vicitra Z Vit C + Zinc Caja Con 30 Unidades,38880
Crema Fisiogel A.I Piel Seca E Irritada Frasco Con 100 mL,71760
Crema Fisiogel Piel Seca E Irritada Frasco Con 200 mL,130960
Crema Fisiogel A.I. Piel Seca Sensible Frasco Con 50 mL,77600
"Toptear 0,4 % Solución Conjuntival Frasco Con 10 mL",42680
Gomas Benet Zinc Y Vitamina C Sin Azúcar Frasco Con 60 Gomas,18615
Crema Fisiogel Piel Seca Y Sensible Frasco Con 200 mL,39040
Crema Fisiogel Piel Seca Y Sensible Frasco Con 400 mL,78080
Crema Fisiogel FPS 20 A.I Frasco Con 40 mL,62080
Gomas Benet Kids Vitamina C Y Zinc Sin Azúcar Frasco Con 48 Unidades,15343
Alimento Benet Sabor Vainilla Sin Azúcar Frasco Con 400 g,35913
Crema Antiarrugas Revitalift Ácido Hialurónico FPS 20 Frasco Con 25 mL,21360
Crema Dental Fluocardent Frescura Max Tubo Con 50 mL,1840
Oferta Crema Fluocardent Menta Tubo Con 50 mL + Cepillo,2080
Tarrito Rojo Prodefenz Sabor Naranja Bolsa Con 250 g,12665
Protector Solar Solor Repair FPS 50 Frasco Con 100 g,68280
